Token,Value
yourselfgo,0.01537773
fggt,0.01308496
mothjer,0.01210904
admin-,0.01079790
pro-assad.hanibal911you,0.00854319
bitches.fuck,0.00824603
bastered==bastered,0.00813592
cougar,0.00802344
notrhbysouthbanof,0.00762696
daedalus969,0.00704017
