Token,Value
sources,0.00689302
image,0.00636225
source,0.00629535
section,0.00617797
notability,0.00585157
original,0.00567004
example,0.00520030
position,0.00511841
below,0.00511841
add,0.00507226
