Token,Value
bunksteve,0.01969780
tommy2010,0.01608417
niggas,0.01456996
centraliststupid,0.01268311
bleachanhero,0.01048660
ancestryfuck-off-jewish,0.00881866
spanish,0.00771100
fan-1967,0.00758319
mexicans,0.00712396
cody,0.00658955
