Token,Value
fucksex,0.08199657
criminalwar,0.05420609
yourselfgo,0.05389600
offfuck,0.04730571
mothjer,0.04243984
marcolfuck,0.03416524
fack,0.03048590
pro-assad.hanibal911you,0.02994222
securityfuck,0.02982888
bitches.fuck,0.02890075
