Token,Value
buttsecks,0.02560339
fucksex,0.02174167
nipple,0.01896223
yourselfgo,0.01429071
offfuck,0.01254327
mothjer,0.01125307
fggt,0.00940745
marcolfuck,0.00905903
fack,0.00808344
pro-assad.hanibal911you,0.00793928
