Token,Value
supertr0ll,0.02680901
youcaltlas,0.01129014
rvv,0.00469494
blank,0.00459713
edie,0.00440151
//en.wikipedia.org/wiki,0.00337449
jessica,0.00309572
wanta,0.00309572
beavis,0.00309572
butthead,0.00309572
