Token,Value
bark,0.03289480
buttsecks,0.01636525
fucksex,0.01386900
nipple,0.01211067
fggt,0.01060178
you.i,0.00997945
criminalwar,0.00916848
yourselfgo,0.00911603
offfuck,0.00800134
mothjer,0.00717833
